{"type": "block", "layer": 0, "block": 0, "features": [{"geom": {"pts": [[-79.84311912581325, -53.66200331877917, 27.924549102783203]], "rotateX": 0, "rotateY": 0, "rotateZ": 0, "scale": 0.1}, "model": 0}, {"geom": {"pts": [[-107.3240066356957, 7.9843119122087955, 28.174968719482422]], "rotateX": 0, "rotateY": 0, "rotateZ": 0, "scale": 0.1}, "model": 0}, {"geom": {"pts": [[-214.27664992585778, -15.4115788070485, 27.469722747802734]], "rotateX": 0, "rotateY": 0, "rotateZ": 0, "scale": 0.1}, "model": 0}], "featureCount": 3, "startIndex": 0}